artist,title,album,length,popularity,id
Olivia Rodrigo,vampire,vampire,219724,98,3k79jB4aGmMDUQzEwa46Rz
Jain,Makeba,Zanaka,249533,88,5JdLUE9D743ob2RtgmVpVx
Taylor Swift,Cruel Summer,Lover,178426,100,1BxfuPKGuaTgP7aM0Bbdwr
FIFTY FIFTY,Cupid - Twin Ver.,The Beginning: Cupid,174253,97,7FbrGaHYVDmfr7KoLIZnQ7
David Kushner,Daylight,Daylight,212953,98,1odExI7RdWc4BT515LTAwj
Lana Del Rey,Say Yes To Heaven,Say Yes To Heaven,209156,92,6GGtHZgBycCgGBUhZo81xe
Doechii,What It Is (Solo Version),What It Is (Versions),189824,91,73RbfOTJIjHzi2pcVHjeHM
PinkPantheress,Boy's a Liar Pt. 2,Boy's a liar Pt. 2,131013,94,6AQbmUe0Qwf5PZnt4HmTXv
Libianca,People,People,184791,93,26b3oVLrRUaaybJulow9kz
Arctic Monkeys,I Wanna Be Yours,AM,183956,95,5XeFesFbtLpXzIVDNQP22n
Peggy Gou,(It Goes Like) Nanana - Edit,(It Goes Like) Nanana [Edit],231545,92,23RoR84KodL5HWvUTneQ1w
Jung Kook,Seven (feat. Latto) (Explicit Ver.),Seven (feat. Latto),184400,98,7x9aauaA9cu6tyfpHnqDLo
Sam Smith,Unholy (feat. Kim Petras),Unholy (feat. Kim Petras),156943,90,3nqQXoyQOWXiESFLlDF1hG
Metro Boomin,Creepin' (with The Weeknd & 21 Savage),HEROES & VILLAINS,221520,95,2dHHgzDwk4BJdRwy9uXhTO
The Weeknd,Die For You - Remix,Die For You (Remix),232857,91,7oDd86yk8itslrA9HRP2ki
SZA,Kill Bill,SOS,153946,94,1Qrg8KqiBpW07V7PNxwwwL
Lay Bankz,Na Na Na,Na Na Na,100122,75,6G4ICKUrsPb117ULGyrQ5N
Dave,Sprinter,Sprinter,229133,97,2FDTHlrBguDzQkp7PVj16Q
Kodak Black,"Angel Pt. 1 (feat. Jimin of BTS, JVKE & Muni Long)","Angel Pt. 1 (feat. Jimin of BTS, JVKE & Muni Long / FAST X Soundtrack)",175802,83,4g1Ant3Me43Cm5Lx91bV8e
The Neighbourhood,Sweater Weather,I Love You.,240400,92,2QjOHCTQ1Jl3zawyYOpxh6
"Tyler, The Creator",See You Again (feat. Kali Uchis),Flower Boy,180386,95,7KA4W4McWYRpgf0fWsJZWB
Miley Cyrus,Flowers,Flowers,200454,96,0yLdNVWF3Srea0uzk55zFn
Harry Styles,As It Was,As It Was,167303,93,4LRPiXqCikLlN15c3yImP7
RAYE,Escapism.,Escapism. (Sped Up),272373,42,5WxVXxCMRnvxUKFq40ELwq
Ghost,Mary On A Cross,Seven Inches Of Satanic Panic,244804,60,0LOo3MYjiSzIOLjSd9wZUw
Rema,Calm Down (with Selena Gomez),Calm Down (with Selena Gomez),239317,94,0WtM2NBVQNNJLh6scP13H8
KAROL G,TQG,MAÑANA SERÁ BONITO,197933,94,0DWdj2oZMBFSzRsi2Cvfzf
Nicky Youre,Sunroof,Sunroof,163025,35,3RfTeIrWS8LNrfHYwechtt
David Guetta,I'm Good (Blue),I'm Good (Blue),175238,95,4uUG5RXrOk84mYEfFvj3cK
Kembe X,Sobbin With My,Sobbin With My,193056,41,0XASNKaQucYE04a9UGtFik
Tom Odell,Another Love,Long Way Down (Deluxe),244360,93,3JvKfv6T31zO0ini8iNItO
Coi Leray,Players,Players,139560,88,6UN73IYd0hZxLi8wFPMQij
JVKE,golden hour,this is what ____ feels like (Vol. 1-4),209259,90,5odlY52u43F5BjByhxg7wg
Steve Lacy,Bad Habit,Gemini Rights,232066,85,4k6Uh1HXdhtusDW5y8Gbvy
Sade,Smooth Operator - Single Version,The Best of Sade,258693,85,1Hv1VTm8zeOeybub15mA2R
Bryce Savage,Slayer,Slayer,204444,64,5QsrkC53zixsw2AUHNeVwp
Taylor Swift,Anti-Hero,Midnights,200690,95,0V3wPSX9ygBnCm8psDIegu
SZA,Nobody Gets Me,SOS,180853,86,5Y35SjAfXjjG0sFQ3KOxmm
Armani White,BILLIE EILISH.,BILLIE EILISH.,99282,78,27ZZdyTSQWI7Cug2d2PkqV
The Weeknd,I Was Never There,"My Dear Melancholy,",241066,89,1cKHdTo9u0ZymJdPGSh6nq
Pawl,Solita,Solita,155000,48,779nxgE1KYu965I94KgpVq
OneRepublic,I Ain't Worried,"I Ain’t Worried (Music From The Motion Picture ""Top Gun: Maverick"")",148485,95,4h9wh7iOZ0GGn8QVp4RAOB
Miguel,Sure Thing,All I Want Is You,195373,91,0JXXNGljqupsJaZsgSbMZV
Nicki Minaj,Super Freaky Girl,Super Freaky Girl,170977,80,4C6Uex2ILwJi9sZXRdmqXp
Niteblue,Last Friday Night,Last Friday Night,140000,43,1AiW7wZkqJEqAToz0nIxo8
Lady Gaga,Bloody Mary,Born This Way (International Special Edition Version),244760,83,53jnnqFSRGMDB9ADrNriCA
Nu Aspect,Sinner,Sinner,191166,68,1WumDA51R5dHvmRVhmoP6t
Chris Brown,Under The Influence (Body Language),Under The Influence,148750,71,71mHO4fFmS2Xu5XxZbcRND
d4vd,Here With Me,Here With Me,242484,77,78Sw5GDo6AlGwTwanjXbGh
Drake,Rich Flex,Her Loss,239359,90,1bDbXMyjaUIooNwFE9wn0N
Lizzo,About Damn Time,About Damn Time,191822,82,1PckUlxKqWQs3RlWXVBLw3
d4vd,Romantic Homicide,Romantic Homicide,132630,91,1xK59OXxi2TAAAbmZK0kBL
CARSTN,Walking on Sunshine,Walking on Sunshine,161641,69,1Z18G3Uk0uIgGwa8ugDhrX
Beyoncé,CUFF IT,RENAISSANCE,225388,90,1xzi1Jcr7mEi9K2RfzLOqS
Gorgon Breath,Me and U,Me and U,153000,53,1JlpuDsMEpvNE5a3uS3LfE
Glass Animals,Heat Waves,Dreamland (+ Bonus Levels),238805,53,02MWAaffLxlfxAUY7c5dvx
Jawmill,Closer,Closer,161428,38,15dNVOFvA2qQ1kBxwjMvB8
99 Percent,Never Going Back Home,Never Going Back Home,163481,44,77vuduDMvc9p6MlZ1PTmSe
The Kid LAROI,STAY (with Justin Bieber),STAY (with Justin Bieber),141805,88,5HCyWlXZPP0y6Gqq8TgA20
Imagine Dragons,Enemy (with JID) - from the series Arcane League of Legends,Enemy (with JID) [from the series Arcane League of Legends],173381,83,1r9xUipOqoNwggBpENDsvJ
Joji,Glimpse of Us,Glimpse of Us,233456,87,6xGruZOHLs39ZbVccQTuPZ
Imagine Dragons,Bones,Mercury - Acts 1 & 2,165264,88,54ipXppHLA8U4yqpOFTUhr
Thierry Von Der Warth,One Day At A Time,One Day At A Time,151632,67,6UbNrW8X1v4oOR29vzSVqX
Stephen Sanchez,Until I Found You,Until I Found You,177720,86,0T5iIrXA4p5GsubkhuBIKV
Jack Harlow,First Class,First Class,173947,25,1rDQ4oMwGJI7B4tovsBOxc
Elley Duhé,MIDDLE OF THE NIGHT,MIDDLE OF THE NIGHT,184447,88,58HvfVOeJY7lUuCqF0m3ly
Beach Weather,"Sex, Drugs, Etc.",Chit Chat,196784,85,7DbdUf8aHSYoliSjO6LZv6
KALUMA,Attention,Attention,137000,48,62ZLj2whMtISJlflWAg2xa
THE ANXIETY,Meet Me At Our Spot,THE ANXIETY,162680,79,07MDkzWARZaLEdKxo6yArG
Meghan Trainor,NO,Thank You (Deluxe Version),213506,81,0l0CvurVUrr2w3Jj1hOVFc
Hotel Ugly,Shut up My Moms Calling,Shut up My Moms Calling,164571,90,3hxIUxnT27p5WcmjGUXNwx
GAYLE,abcdefu,abcdefu,168601,84,4fouWK6XVHhzl78KzQ1UjL
Ice Spice,In Ha Mood,In Ha Mood,129360,82,0yUaLqhsVsguBpoOPL4cO7
Lil Uzi Vert,Just Wanna Rock,Just Wanna Rock,123890,88,4FyesJzVpA39hbYvcseO2d
Will Ryte,Fast Track,Fast Track,101538,44,2vRFSkJHOudg2ejPgufbCi
Rag'n'Bone Man,Human,Human (Deluxe),200186,83,58zsLZPvfflaiIbNWoA22O
Rosa Linn,SNAP,SNAP,179551,22,0QPRDC97rIQB3Jh3hrVJoH
Yung Gravy,Betty (Get Money),Betty (Get Money),146470,75,4cacyP5c3PMlfnyjpg13xW
Bizarrap,"Shakira: Bzrp Music Sessions, Vol. 53","Shakira: Bzrp Music Sessions, Vol. 53",214945,92,4nrPB8O7Y7wsOCJdgXkthe
Boostereo,Loser,Loser,198000,45,7lILHlOvIjJ3MSFbuoLblW
Able Heart,Whisper - Nander Remix,Whisper (Nander Remix),157364,47,0fhOxwnmDYlhN6ccDwI86G
Baby Tate,"Hey, Mickey!","Hey, Mickey!",115555,81,3RKjTYlQrtLXCq5ncswBPp
Anitta,Envolver,Envolver,193805,78,3IAfUEeaXRX9s9UdKOJrFI
Post Malone,Circles,Hollywood's Bleeding,215280,90,21jGcNKet2qwijlDFuPiPb
HALO,Edamame,Edamame,120000,51,4RG0VMPOZhil3rdqEEoV95
Lil Nas X,INDUSTRY BABY (feat. Jack Harlow),INDUSTRY BABY (feat. Jack Harlow),212000,84,27NovPIUIRrOZoCHxABJwK
Will Ryte,Icy,Icy,115050,41,6hGswOd1p5Pzv57IpBUhV3
Meghan Trainor,Made You Look,Takin' It Back,134256,88,0QHEIqNKsMoOY5urbzN48u
Lil Uzi Vert,Watch This - ARIZONATEARS Pluggnb Remix,Watch This (ARIZONATEARS Pluggnb Remix),163139,88,0FA4wrjDJvJTTU8AepZTup
Coldplay,Yellow,Parachutes,266773,93,3AJwUDP919kvQ9QcozQPxg
Pharrell Williams,Just A Cloud Away,Just A Cloud Away,176078,69,0DGTcMqvVR7fmBXgiG6jz4
Post Malone,Cooped Up (with Roddy Ricch),Cooped Up,185857,71,7DwcBgdzqhFJltEaV1XF81
Niteblue,What is love,What is love,145440,54,4SNpwtOjeIruM6IwqXiGEH
LF SYSTEM,Afraid To Feel,Afraid To Feel,177524,83,40SBS57su9xLiE1WqkXOVr
JNR CHOI,TO THE MOON,TO THE MOON,152137,74,5vUnjhBzRJJIAOJPde6zDx
Camila Cabello,Bam Bam (feat. Ed Sheeran),Familia,206070,80,2DB4DdfCFMw1iaR6JaR03a
Sofía Reyes,"1, 2, 3 (feat. Jason Derulo & De La Ghetto)","1, 2, 3 (feat. Jason Derulo & De La Ghetto)",201526,73,4QtiVmuA88tPQiCOHZuQ5b
Lucas Estrada,What You Do To Me,What You Do To Me,154209,63,74Sk5cVfVNhfKY9S7hDqrp
Harry Styles,Late Night Talking,Harry's House,177954,90,1qEmFfgcLObUfQm0j1W2CK
Ed Sheeran,Bad Habits,Bad Habits,231041,30,6PQ88X9TkUIAUIZJHW2upE
Elton John,Cold Heart - PNAU Remix,The Lockdown Sessions,202735,74,7rglLriMNBPAyuJOMGwi39
Becky G,MAMIII,MAMIII,226088,81,1ri9ZUkBJVFUdgwzCnfcYs
HALO,Alive,Alive,173333,47,2JvH9vZaJqBL0osTCguf1G
KALUMA,Outlaw,Outlaw,130662,52,0D0JIri7wJvhKUfmB7u6Sv
Amaarae,SAD GIRLZ LUV MONEY Remix (feat. Kali Uchis and Moliy),SAD GIRLZ LUV MONEY Remix (feat. Kali Uchis and Moliy),204763,80,09gysnJpfQ3ublBmJDfcEC
CKay,love nwantiti (ah ah ah),CKay The First,145800,84,2Xr1dTzJee307rmrkt8c0g
Lil Nas X,THATS WHAT I WANT,MONTERO,143901,85,0e8nrvls4Qqv5Rfa2UhqmO
Cally Rhodes,Downfalls,Downfalls,190200,41,1jspFjbQkp21v5kDx4V4jR
Oliver Tree,Miss You,Miss You,206000,87,73vIOb4Q7YN6HeJTbscRx5
Bella Poarch,Build a Bitch,Build a Bitch,122772,76,7BoobGhD4x5K96Me0hqC8Q
Frank Ocean,Lost,channel ORANGE,234093,0,1bjhYUwKUHEg5fHknxFObO
Duke & Jones,Jiggle Jiggle,Jiggle Jiggle,97208,70,1I4lCSP69P74nU3a6Su5L2
99 Percent,Can't Help Myself,Can't Help Myself,154754,49,2yicVJl6Tv5Nmb3FiJEb8S
Oliver Tree,Life Goes On,"Ugly is Beautiful: Shorter, Thicker & Uglier (Deluxe)",161803,78,0eu4C55hL6x29mmeAjytzC
Trinidad Cardona,Dinero,Dinero,160880,72,3ggtU1ZOKO8ZNiqPNyXGcm
mavzy grx,Naughty Girl,Naughty Girl,113280,44,6VtJWMy5bhOHAAy4Yakvk4
SZA,I Hate U,I Hate U,174000,74,5dXWFMwD7I7zXsInONVl0H
Doja Cat,Woman,Planet Her,172626,88,6Uj1ctrBOjOas8xZXGqKk4
Bruno Mars,Leave The Door Open,Leave The Door Open,242096,11,7MAibcTli4IisCtbHKrGMh
Emmy Meli,I AM WOMAN,I AM WOMAN,232813,74,3nOz1U41SZZ0N3fuUWr9nb
Boostereo,Dark Side,Dark Side,170322,48,1SW4DLVcfj3Q6pwHw555OM
Calvin Harris,One Kiss (with Dua Lipa),One Kiss (with Dua Lipa),214846,89,7ef4DlsgrMEH11cDZd32M6
Dirty Heads,Vacation,Vacation,209721,68,7cdy4PbCdDZZNjyxoZyE0c
Will Ryte,Wet,Wet,113548,39,6DGNFyds4RkJKwa6z9Tt2e
Doja Cat,Kiss Me More (feat. SZA),Kiss Me More (feat. SZA),208866,81,748mdHapucXQri7IAO8yFK
Future,Mask Off,FUTURE,204600,85,0VgkVdmE4gld66l8iyGjgx
Måneskin,Beggin',Chosen,211560,87,3Wrjm47oTz2sjIgck11l5e
Olivia Rodrigo,good 4 u,SOUR,178146,89,4ZtFanR9U6ndgddUvNcjcG
Zombic,Heart's Not Moving On,Heart's Not Moving On,168981,52,6Rkn9Omfz1B2yWGwODazbc
Jaymes Young,Infinity,Feel Something (Deluxe),237720,52,1TLwVV7m4TFZJrsG9qGVXh
Tesher,Jalebi Baby (Tesher x Jason Derulo),Jalebi Baby (Tesher x Jason Derulo),169154,74,6FvSS3Goz7OC8oCC2eWqe8
Will Ryte,Guarded,Guarded,100392,38,1e0tRVTB2K7bN7AvPdN6p5
Madonna,Frozen,Frozen,120157,73,6lknMmJZALXxx7emwwZWLX
Bruno Mars,Talking to the Moon,Doo-Wops & Hooligans,217866,79,1wVuPmvt6AWvTL5W2GJnzZ
Masked Wolf,Astronaut In The Ocean,Astronaut In The Ocean,132780,79,3Ofmpyhv5UAQ70mENzB277
NEIKED,Better Days (NEIKED x Mae Muller x Polo G),Better Days (NEIKED x Mae Muller x Polo G),160656,81,6f5ExP43esnvdKPddwKXJH
Erica Banks,Buss It,Buss It,188734,0,6NWdgyVsjp2bJ11PToXCr1
Kordhell,Murder In My Mind,Murder In My Mind,145000,89,6qyS9qBy0mEk3qYaH8mPss
Kate Bush,Running Up That Hill (A Deal With God),Hounds Of Love,298933,40,75FEaRjZTKLhTrFGsfMUXR
J. Cole,She Knows (feat. Amber Coffman & Cults),Born Sinner (Deluxe Version),296520,81,0Fs9cdPDhptWEDJmiCbkEW
Amero,Good Time,Good Time,117966,37,4orTckxpGQ1Qd7tnqmuXjw
BAYZY,Would I Lie To You,Would I Lie To You,129756,57,3GHHMFQzeuStWfG45ee3FA
Adele,Easy On Me,30,224694,85,46IZ0fSY2mpAiktS3KOqds
Jt5k,Switch Up,So Far From Home,105324,38,2zy0hweEndWyds17TTqBkt
Skrillex,Rumble,Rumble,146571,74,1GfBLbAhZUWdseuDqhocmn
Dtrch,Cinema,Cinema,140631,37,5WV5NQAeFfPfvBZKRkyRjJ
Wheatus,Teenage Dirtbag,Wheatus,241666,77,25FTMokYEbEWHEdss5JLZS
Doja Cat,Need to Know,Planet Her,210560,83,3Vi5XqYrmQgOYBajMWSvCi
NEMESIS,Ghost,Ghost,142062,37,7kS3K7q8XJDPS9X7iXlr08
Joakim Molitor,Hurts Like Hell,Hurts Like Hell,195775,46,6D5UZC67k5Em3z2UfMNqxG
LISA,MONEY,LALISA,168227,83,7hU3IHwjX150XLoTVmjD0q
Surf Curse,Freaks,Freaks,147062,87,7EkWXAI1wn8Ii883ecd9xr
The Weeknd,Blinding Lights,After Hours,200040,93,0VjIjW4GlUZAMYd2vXMi3b
Megan Thee Stallion,Thot Shit,Thot Shit,184634,71,5zNW5ARjYhJQJz1AChP33n
Alex Alexander,When Hello Means Goodbye,On My Way,158160,47,5TiaU2Q2JZQzO59aV8vtcP
MWH,Habits (Stay High),Habits (Stay High),158100,37,27Qtzs2v2kueAqOtwjyLE0
Maroon 5,Beautiful Mistakes (feat. Megan Thee Stallion),JORDI (Deluxe),227395,82,5zFglKYiknIxks8geR8rcL
Polo G,RAPSTAR,RAPSTAR,165925,7,43PGPuHIlVOc04jrZVh9L6
Doja Cat,Ain't Shit,Planet Her,174253,81,5lAnYvAIkSDNXqfo7DyFUm
Lucas Estrada,That Could Be Us,That Could Be Us,124957,62,5Jo1DvQ6auXLFx6QD3SC5I
ALTÉGO,Toxic Pony,Toxic Pony,198041,70,6QHXcb0eFwOKZOZ9bOFmxm
Nelly Furtado,Say It Right,Loose,223080,83,2aI21FnmY7TJVKeMaoQZ0t
Nito-Onna,Heart of Glass,Heart of Glass,144244,46,0oJNUbobAD9a4oVjJGOqGy
Nathan Evans,Wellerman - Sea Shanty / 220 KID x Billen Ted Remix,Wellerman (Sea Shanty / 220 KID x Billen Ted Remix),116750,75,3iw6V4LH7yPj1ESORX9RIN
Reyanna Maria,So Pretty,So Pretty,85741,66,1yLTcitjbEJr7a4jyDB0Lz
Rauw Alejandro,Todo De Ti,Todo De Ti,199604,81,4fSIb4hdOQ151TILNsSEaF
Justin Bieber,Peaches (feat. Daniel Caesar & Giveon),Justice,198081,86,4iJyoBOLtHqaGxP12qzhQI
Alex Alexander,Dopamine,On My Way,136213,37,1v6wmQg54jBEGpARPrry7N
LIZZIP,End Of Time,End Of Time,140781,48,4p5AebH0oGdzLakzHjCdR4
Ariana Grande,positions,positions,172324,2,7igeByaBM0MgGsgXtNxDJ7
Majestic,Rasputin,Rasputin,186209,81,0b18g3G5spr4ZCkz7Y6Q0Q
VANO 3000,Running Away,Running Away,111786,40,2lDODk7inZnmUHbIjUnIwP
Dua Lipa,Levitating (feat. DaBaby),Future Nostalgia,203064,87,5nujrmhLynf4yMoMtj8AQF
Kayla Nicole,Bundles (feat. Taylor Girlz),Bundles (feat. Taylor Girlz),154805,66,3QqYZWQLn0evKMIRlGJeeR
Lil Tjay,Calling My Phone,Calling My Phone,205458,2,5Kskr9LcNYa0tpt5f0ZEJx
Curtis Waters,Stunnin' (feat. Harm Franklin),Stunnin' (feat. Harm Franklin),144000,66,2D0dj3hVkRQJCp63cxCPEx
Doja Cat,You Right,Planet Her,186173,84,0k4d5YPDr1r7FX77VdqWez
CJ,Whoopty,Whoopty,123262,74,5vGLcdRuSbUhD8ScwsGSdA
BØRNS,Electric Love,Dopamine,218106,84,2GiJYvgVaD2HtM8GqD9EgQ
Bee Gees,More Than A Woman,How Can You Mend A Broken Heart,196213,78,2cX2coZS1PYBfPs8wgbdWE
Riton,Friday (feat. Mufasa & Hypeman) - Dopamine Re-Edit,Friday (feat. Mufasa & Hypeman) [Dopamine Re-Edit],169153,83,4cG7HUWYHBV6R6tHn1gxrl
SI US PLAU,Mirror,Mirror,127258,46,3jUifuwKaLSuCwq3loTTAP
Rihanna,Bitch Better Have My Money,Bitch Better Have My Money,219305,81,0NTMtAO2BV4tnGvw9EgBVq
Will Ryte,Never Cross,Never Cross,105600,37,2sPEFgSC3kp9Kyc6PWEQi3
JANFRY,Miss You,Miss You,131200,49,5yGBAk2Ukgs1SQS3tpOI46
Maluma,Hawái,PAPI JUANCHO,199112,81,1yoMvmasuxZfqHEipJhRbp
24kGoldn,Mood (feat. iann dior),Mood (feat. iann dior),140525,7,3tjFYV6RSFtuktYl3ZtYcq
Dame Dame,Lies,Lies,156885,37,1MoCNaJBVDOMSMJMhIEjCR
Olivia Rodrigo,drivers license,drivers license,242013,29,7lPN2DXiMsVn7XUKtOW1CS
Regard,Ride It,Ride It,157605,83,2tnVG71enUj33Ic2nFN6kZ
Jt5k,Top Down,So Far From Home,109800,37,79pcq6d3893iSt6Jtq50IC
Internet Money,Lemonade,"Lemonade (feat. Gunna, Don Toliver & NAV)",195428,76,02kDW379Yfd5PzW5A6vuGt
Cardi B,Up,Up (Instrumental),156944,74,1M4OcYkxAtu3ErzSgDEfoi
Gym Class Heroes,Cupid's Chokehold / Breakfast in America,The Papercut Chronicles,243773,78,2Lhdl74nwwVGOE2Gv35QuK
Tiësto,The Business,The Business,164000,82,6f3Slt0GbA2bPZlz0aIFXN
Arem Ozguc,Hush Hush,Hush Hush,118064,47,5JfypFrG72bBZ5Z0uLWkeD
Disco Lines,Baby Girl,Baby Girl,111074,80,2cSdAkzAf2T4j4aLvx4LLz
MØRFI,Leave Before You Love Me,Leave Before You Love,124880,51,3QclFWAS0G1gssGbRYKow8
Kali Uchis,telepatía,Sin Miedo (del Amor y Otros Demonios) ∞,160191,87,6tDDoYIxWvMLTdKpjFkc1B
Brent Faiyaz,"Gravity (feat. Tyler, The Creator)","Gravity (feat. Tyler, The Creator)",214692,70,6u3CPnFMKANYgfdiifFOiJ
Ariana Grande,motive (with Doja Cat),Positions (Deluxe),167989,59,5VipERQ1ofCowecoFg2MVU
SZA,Good Days,Good Days,279204,82,3YJJjQPAbDT7mGpX3WtQ9A
Pop Smoke,What You Know Bout Love,Shoot For The Stars Aim For The Moon,160000,83,1tkg4EHVoqnhR6iFEXb60y
ASTELLE,K Boy Bye,K Boy Bye,166354,36,3OgPctJpAjlqPsGWl0NeoF
Cardi B,WAP (feat. Megan Thee Stallion),WAP (feat. Megan Thee Stallion),187541,82,4Oun2ylbjFKMPTiaSbbCih
Jawsh 685,Savage Love (Laxed - Siren Beat),Savage Love (Laxed - Siren Beat),171374,78,1xQ6trAsedVPCdbtDAmk0c
Lil Nas X,HOLIDAY,HOLIDAY,154997,75,6zFMeegAMYQo0mt8rXtrli
Will Ryte,No Love,Help Yourself,168000,38,4uvgv5P5mb6zsoS7BlO0K1
The Kid LAROI,WITHOUT YOU,F*CK LOVE (SAVAGE),161384,21,27OeeYzk6klgBh83TSvGMA
DaBaby,ROCKSTAR (feat. Roddy Ricch),BLAME IT ON BABY,181733,81,7ytR5pFWmSjzHJIeQkgog4
Fenox,Middle Of The Night,Middle Of The Night,170894,38,7LVcTA24fqNix2VbN3485Z
Will Ryte,Palm of My Hand,Palm of My Hand,125217,37,7krqmxxUvvLUpJzbHgBlws
Ariana Grande,34+35,Positions,173710,81,6Im9k8u9iIzKMrmV7BWtlF
S1mba,Rover (feat. DTG),Rover (feat. DTG),167916,74,4slSrbTK1sNK4I1mDYEthf
Ritt Momney,Put Your Records On,Put Your Records On,210463,1,1fah1uAs7HeTYDlNftKr3K
Pop Smoke,Mood Swings (feat. Lil Tjay),Shoot For The Stars Aim For The Moon,213333,80,5rZlwNFl01HqLWBQGryKSm
Billie Eilish,Therefore I Am,Therefore I Am,174321,76,54bFM56PmE4YLRnqpW6Tha
Pop Smoke,For The Night (feat. Lil Baby & DaBaby),Shoot For The Stars Aim For The Moon,190476,82,0PvFJmanyNQMseIFrU708S
Claire Rosinkranz,Backyard Boy,BeVerly Hills BoYfRiEnd,129240,5,0y9fkzOaaQy4Up22BGUbIp
ROSALÍA,TKN (feat. Travis Scott),TKN (feat. Travis Scott),129370,75,4w47S36wQGBhGg073q3nt7
Melanie Martinez,Play Date,Cry Baby (Deluxe Edition),179867,81,4DpNNXFMMxQEKl7r0ykkWA
Doja Cat,Freak,Freak,284480,73,3aA6xB0tOilDDX17fIJ0Bl
WILLOW,Wait a Minute!,ARDIPITHECUS,196520,83,0y60itmpH0aPKsFiGxmtnh
Quavo,FLIP THE SWITCH (feat. Drake),QUAVO HUNCHO,156195,68,1rlIrbWboTRGeKfHhgbJRZ
StaySolidRocky,Party Girl,Party Girl,147800,75,5RqR4ZCCKJDcBLIn4sih9l
Beyoncé,BREAK MY SOUL,RENAISSANCE,278281,81,5pyoxDZ1PX0KxBxiRVxA4U
Young T & Bugsey,Don't Rush (feat. Headie One),Don't Rush (feat. Headie One),207640,66,0PXukVbYpvz40KcEFKnIw7
THE SCOTTS,THE SCOTTS,THE SCOTTS,165977,78,39Yp9wwQiSRIDOvrVg7mbk
SAYGRACE,Boys Ain't Shit,Boys Ain't Shit,175883,63,6vzLbfskWigBsCzNdB0kfE
Doja Cat,Boss Bitch,Boss Bitch,134239,82,78qd8dvwea0Gosb6Fe6j3k
Taylor Swift,Love Story (Taylor’s Version),Love Story (Taylor’s Version),235766,86,3CeCwYWvdfXbZLXFhBrbnf
Saweetie,Tap In,Tap In,139413,71,4Hpib09wXgD84w4uwTPnYD
Megan Thee Stallion,Savage,Suga,155497,71,55CHeLEfn5iJ0IIkgaa4si
Lil Mosey,Blueberry Faygo,Certified Hitmaker,162546,78,22LAwLoDA5b4AaGSkg6bKW
Dua Lipa,Break My Heart,Future Nostalgia,221820,80,017PF4Q3l4DBUiWoXk4OWT
Vicetone,Astronomia,Astronomia,198095,62,665AK0ovB11McZRwfa852G
Roddy Ricch,The Box,Please Excuse Me for Being Antisocial,196652,85,0nbXyq5TXYPCO7pr3N8S4I
BENEE,Supalonely,STELLA & STEVE,223480,73,4nK5YrxbMGZstTLbvj6Gxw
Drake,Toosie Slide,Dark Lane Demo Tapes,247058,72,466cKvZn1j45IpxDdYZqdA
Dua Lipa,Don't Start Now,Don't Start Now,183290,80,6WrI0LAC5M1Rw2MnX2ZvEg
Marshmello,Be Kind (with Halsey),Be Kind (with Halsey),172761,77,3Z8FwOEN59mRMxDCtb8N0A
Justin Bieber,Intentions (feat. Quavo),Changes,212866,78,4umIPjkehX1r7uhmGvXiSV
Future,Life Is Good (feat. Drake),Life Is Good (feat. Drake),237735,79,5yY9lUy8nbvjM1Uyo1Uqoc
Jack Harlow,WHATS POPPIN,WHATS POPPIN,139741,0,3Q6F8RByyhRTJpRtZLY3cg
Surfaces,Sunday Best,Where the Light Is,158571,79,1Cv1YLb4q0RzL6pybtaMLo
Doja Cat,Say So,Hot Pink,237893,81,3Dv1eDb0MEgF93GpLXlucZ
Justin Bieber,Boyfriend,Believe,171333,77,3UGIZ8qcrMTwzLbx6Kttqt
The Weeknd,In Your Eyes,After Hours,237520,81,7szuecWAPwGoV1e5vGu8tl
Powfu,death bed (coffee for your head),death bed (coffee for your head),173333,84,7eJMfftS33KTjuF7lTsMCx
Breakbot,Baby I'm Yours,By Your Side,215506,70,0tZkVZ9DeAa0MNK2gY5NtV
DaBaby,BOP,KIRK,159714,78,6Ozh9Ok6h4Oi1wUSLtBseN
JACKBOYS,OUT WEST (feat. Young Thug),JACKBOYS,157712,80,6gi6y1xwmVszDWkUqab1qw
DripReport,Skechers,Skechers,106031,0,4z2JaAVPemYJhFKm7e32RA
Arizona Zervas,ROXANNE,ROXANNE,163636,80,696DnlkuDOXcMAnKlTgXXK
Bag Raiders,Shooting Stars,Bag Raiders (Deluxe),235813,0,2lZHCWCUkxLuQ5skJhkoyS
Blanco Brown,The Git Up,The Git Up,200593,1,5dW1VZPcFqB4n0P08rGDgm
Ed Sheeran & Justin Bieber,I Don't Care (with Justin Bieber),I Don't Care (with Justin Bieber),219946,80,3HVWdVOQ0ZA45FuZGSfvns
blackbear,hot girl bummer,hot girl bummer,185093,2,7aiClxsDWFRQ0Kzk5KI5ku
Maroon 5,Girls Like You (feat. Cardi B) - Cardi B Version,Red Pill Blues (Deluxe),235545,76,7fa9MBXhVfQ8P8Df9OEbD8
Halsey,Without Me,Without Me,201660,78,5p7ujcrUXASCNwRaWNHR1C
Peachy!,Falling for U,Falling for U,124000,0,0sHFw13WH3LtSB3yP8UMYJ
CPX,Demons,Demons,129692,57,6997op11buHVAiqQvjqNHr
Tame Impala,The Less I Know The Better,Currents,216320,88,6K4t31amVTZDgR3sKmwUJJ
Ruth B.,Dandelions,Safe Haven,233720,92,2eAvDnpXP5W0cVtiI0PUxV
Drake,Jimmy Cooks (feat. 21 Savage),"Honestly, Nevermind",218364,91,3F5CgOj3wFlRv51JsHbxhe
Sub Urban,INFERNO,INFERNO,133133,69,7aonAWn0J0AJ47ZU9WHCXC
SEB,seaside_demo,seaside_demo,132000,72,1SgUjGzbmmMOsGFTVwQ59L
347aidan,Dancing in My Room,Dancing in My Room,180138,74,6Pgmqg15yVexuOgtzuxwoX
Jason Derulo,Take You Dancing,Take You Dancing,190306,79,59qrUpoplZxbIZxk6X0Bm3
Troye Sivan,Rush,Rush,156391,88,3xIMkM5LgbVDkpO74O3Np3
Nicki Minaj,Barbie World (with Aqua) [From Barbie The Album],Barbie World (with Aqua) [From Barbie The Album],109750,92,741UUVE2kuITl0c6zuqqbO
Metro Boomin,"Calling (Spider-Man: Across the Spider-Verse) (Metro Boomin & Swae Lee, NAV, feat. A Boogie Wit da Hoodie)",METRO BOOMIN PRESENTS SPIDER-MAN: ACROSS THE SPIDER-VERSE (SOUNDTRACK FROM AND INSPIRED BY THE MOTION PICTURE),219453,93,5rurggqwwudn9clMdcchxT
Labrinth,Never Felt So Alone,Never Felt So Alone,160166,84,2NbsBSshscKIPRG3kwBbfo
Mae Stephens,If We Ever Broke Up,If We Ever Broke Up,142758,88,6maTPqynTmrkWIralgGaoP
Dominic Fike,Mona Lisa (Spider-Man: Across the Spider-Verse),Mona Lisa (Spider-Man: Across the Spider-Verse),186066,88,37CoOXIsgF3NzbK1zHZetk
Faye Webster,I Know You,Faye Webster,251666,81,71BWZa1liIRyUiuJ3MB66o
Myke Towers,LALA,LA VIDA ES UNA,197920,99,7ABLbnD53cQK00mhcaOUVG
thuy,girls like me don't cry (sped up),girls like me don't cry (sped up),164718,77,1EMWN9uomtQxEw2mZKrb2C
sped upped,Favorite Song,Favorite Song,199655,33,0Mq1lxttEoA1fW8Y5y7yGc
David Guetta,Baby Don't Hurt Me,Baby Don't Hurt Me,140017,94,3BKD1PwArikchz2Zrlp1qi
Sexyy Red,Pound Town 2 (feat. Nicki Minaj & Tay Keith),Pound Town 2 (feat. Nicki Minaj & Tay Keith),194047,77,6IEXjer2qbXhRLFv99NQQv
Gunna,fukumean,a Gift & a Curse,125040,96,4rXLjWdF2ZZpXCVTfWcshS
Besomage,Wicked Games,Wicked Games,120241,48,3No2As3cmrLcByXpc0Czgi
Nicky Youre,Good Times Go,Good Times Go,147666,69,6iO8dAiOA3gnVHMCRfDwDy
Drake,Passionfruit,More Life,298940,88,5mCPDVBb16L4XQwDdbRUpz
Doja Cat,Attention,Attention,277043,88,11xC6P3iKYpFThT6Ce1KdG
Sandra Iris,Cupid,Cupid,101127,43,6izgVcgRGTvG3oPDRK9qQy
Kaliii,Area Codes - Sped Up Version,Area Codes (Sped Up Version),115964,65,7EXY7BYXgfwgN3Ve4FdfK1
RXKNephew,Critical - Cyberspeed mix,Critical (Cyberspeed mix),227664,68,2kHMuJ3NMwPwUZ5PCFUWgz
RIELL,Happy For You,Happy For You,170892,38,1w4ft7YXphWqyk6DpaY290
Russ,3:15 - Slowed Down + Reverb,"3:15 (OG, Slowed Down + Reverb, Sped Up)",195428,67,4ooAEchlO6o6WL301WqIkP
Santana,Maria Maria (feat. The Product G&B) - sped up,Maria Maria (feat. The Product G&B) [sped up],236431,72,68R32667rUVTo8ldDkOXyR
"Tyler, The Creator",ARE WE STILL FRIENDS?,IGOR,265480,83,5TxRUOsGeWeRl3xOML59Ai
Besomorph,Zombie (Zombic & Felix Schorn Remix),Zombie (Zombic & Felix Schorn Remix),160000,62,3p07oZZpSNdVtN93M5yIY5
Lizzy McAlpine,ceilings,five seconds flat,182887,88,2L9N0zZnd37dwF0clgxMGI
Brenn!,4runner,4runner,265453,79,1RaF9xwakfao1RRknWyYB5
Gloria Kim,back to the start,back to the start,155500,51,5CzK4nw6SEOwx9rK1fs6eX
Ashley Sienna,Pretty In The Dark,Pretty In The Dark,176423,67,3iuk1CB6yWPZDQ08WVOUjB
Kanii,Go (Xtayalive 2) - Sped Up,Go (Xtayalive 2) [Sped Up],87932,72,1HzI7iNZL9usXdUifbb6qx
Lana Del Rey,Radio,Born To Die - The Paradise Edition,214573,85,3taCbWWTilb7eNMsAzOBq4
Besomorph,Heartbreak Fever,Heartbreak Fever,192914,58,152nakhbemxARzWXu224Hc
Lil Mabu,MATHEMATICAL DISRESPECT,MATHEMATICAL DISRESPECT,88304,86,0Ymjv0OJeIIPXr6s9wi3iW
Philly Goats,Get Off The Wall,Get Off The Wall,178502,66,1ttdCC6nZ0M1Bq2zkuf73W
Metro Boomin,Too Many Nights (feat. Don Toliver & with Future),HEROES & VILLAINS,199920,91,2Hh3ETdQKrmSI3QS0hme7g
Miranda Fling,Suburbs,The Suburbs,161142,45,74fA6WgClZZKS6B90R1VZs
Florence + The Machine,Dog Days Are Over,Lungs (Deluxe Version),252818,85,456WNXWhDwYOSf5SpTuqxd
Lah Pat,Rodeo (Remix),Rodeo (Remix),245959,80,035MzEbx4z2DxuRDymHXbv
Jessie J,Price Tag,Who You Are (Platinum Edition),223053,79,2fTsFCKRFQ5M0igJgabnLA
Besomorph,Sweet Dreams (Sped Up) [Scott Rill Remix],Sweet Dreams (Sped Up) [Scott Rill Remix],121080,54,6lxZS6TAe1SdJhgPpfZvBr
GROOVY,jersey luv,jersey luv,231106,74,2Z2MAil7tpZhHOB2noIJUd
Billie Eilish,hotline (edit),hotline (edit),60719,88,0WFryfbNKPXVtVQlz5dZ8H
Cadmium,If We Ever Broke Up,If We Ever Broke Up,142758,48,2DAZhA75a6jrmfkL8U41nL
teo glacier,close with desires (right person wrong timing),close with desires (right person wrong timing),203144,74,1yUO5lVnOstziQEz7byXBx
RIELL,My Ghost,My Ghost,189069,52,36I3zoyOK2pbpakqesPj4U
Victor Thompson,THIS YEAR (Blessings),THIS YEAR (Blessings),126206,83,2VGGQdroduj4dIMGPsBzDG
LEIDAN,sparks,sparks,183970,36,5KsdpA6yTbWq7OuPlcP3It
Beyoncé,HEATED,RENAISSANCE,260769,82,1w7cgGZR86yWz1pA2puVJD
Meric Again,Daylight,Daylight,128000,46,0nYVpZvDHwkalBG2cLfQ6A
Justine Skye,Collide (feat. Tyga),Collide (feat. Tyga),260169,80,22I3h5AOENlH4CqXJsEbFR
Miley Cyrus,Angels Like You,Plastic Hearts,196453,94,1daDRI9ahBonbWD8YcxOIB
Besomorph,Sacrifice,Sacrifice,133124,58,2YO9S16xa3rnM8LZGntcHX
SZA,Kill Bill,SOS,153946,91,3OHfY25tqY28d16oZczHc8
Kanii,I Know - PR1SVX Edit,I Know (PR1SVX Edit),133829,84,3vcLw8QA3yCOkrj9oLSZNs
Besomage,Flowers,Flowers,200000,49,3zoL4UuuYftHC3Y6p9b1pi
SZA,Open Arms (feat. Travis Scott),SOS,239613,83,0xaFw2zDYf1rIJWl2dXiSF
Meric,Don't Let Me Die,Don't Let Me Die,187636,46,4boTLpK9BAduDMIEuSOcmU
Gloria Kim,Best U Had,Best U Had,156144,50,1ERFhctkk5lhGZAStRmcQE
BRAN,California Dreaming (Sped Up),California Dreaming (Sped Up),115697,46,5c4GBcS9HFPjWaYsdEWRdU
Roar,Christmas Kids,I Can't Handle Change,135693,86,40gk32E7YaTFoQwDIWv2SY
"Tyler, The Creator",RUNNING OUT OF TIME,IGOR,177226,78,5QvBXUm5MglLJ3iBfTX2Wo
Rxm リム,Memories,Memories,151846,49,7fKA9UedZyP5QjGvNexowb
RAYE,Escapism.,Escapism. / The Thrill Is Gone.,272373,58,5Z2MiIZ5I3jJvvmeWMLbOQ
Meric,my little something,my little something,195524,49,33KoYOlXskkeERfMUN6fMI
Brent Faiyaz,JACKIE BROWN,WASTELAND,169013,84,2IlT65thKQQw248mhk2PjQ
RAYE,Ice Cream Man.,My 21st Century Blues,248733,63,60KvZItTS7PpROovaNVQcy
RIELL,Antis,Antis,155213,50,3AlfzYBSXvI5Bhbqm5iuSn
sped up nightcore,It's Called: Freefall (Rainbow Kitten Surprise) - Sped Up Version,It’s Called: Freefall (Rainbow Kitten Surprise) [Sped Up Version],128589,66,29xN2h4Cmzmt7lo5Ws1PlZ
NLE Choppa,SLUT ME OUT,SLUT ME OUT,123672,84,5BmB3OaQyYXCqRyN8iR2Yi
Ed Sheeran,Eyes Closed,Eyes Closed,194848,87,07bsRv0pcpbG4zJeLsUs1p
Valentin,Complicated,Complicated,196923,37,7o6wClSMN2SMYN20a4lHwp
Kali Uchis,Moonlight,Moonlight,187557,90,2i2gDpKKWjvnRTOZRhaPh2
Frank Ocean,Nights,Blonde,307151,81,7eqoqGkKwgOaWNNHx90uEZ
Besomorph,Apologize (Sped Up),Apologize (Sped Up),121796,60,3nxViWYJhRGZpcRsm5eb5V
The Kid LAROI,Love Again,Love Again,146640,82,4sx6NRwL6Ol3V6m9exwGlQ
Bakar,Hell N Back,Hell N Back,213573,85,3NRql0A1Ef4RCvT473iqgD
Diphda,changes - Sped Up Version,so many changes,79384,39,2uQZ0oIsagk8vzueGkjwnY
Meghan Trainor,Mother,Takin' It Back (Deluxe),147481,76,69ZzhvHnSSnzMO8SMYEJWb
Rxm リム,SAD! - Sped Up Version,SAD! (Sped Up & Slowed + Reverb Versions),114033,34,0n88LOZYEfzQxhdLMKg5MX
Ohboyprince,Bounce When She Walk,Bounce When She Walk,208979,36,4BP9DU5stL7YA9P2a1kS2U
Besomorph,Quite A Shame,Quite A Shame,127909,57,6yFClefWHhbFQweL76gBAK
SZA,Snooze,SOS,201800,92,4iZ4pt7kvcaH6Yo8UoZ4s2
Meric,Stop Wasting Your Time,Stop Wasting Your Time,177318,49,1UoCWR29iD4nkQzYvncgCY
Steve Lacy,Bad Habit,Bad Habit,232114,85,5CM4UuQ9Gnd6K2YyKGPMoK
PARTYNEXTDOOR,Her Way,PARTYNEXTDOOR TWO,216630,78,3JEJwjqLkg2Jbau5922CAb
Besomorph,Falling Apart,Falling Apart,161727,54,7aDxQPHQmH5YZGf9yxIRnn
Meric,you are lying,you are lying,141976,47,3qBJeP0vysrMajfNUeXiWO
Davido,UNAVAILABLE (feat. Musa Keys),Timeless,169911,85,2kaH2Z8ezDUKf6fNw250rZ
BUNT.,Clouds,Clouds,158760,78,2lWc1iJlz2NVcStV5fbtPG
Valentin,Sweater Weather,Sweater Weather,202161,50,1j6Ru0hAZS1ksXXrZKRmYi
Dua Lipa,Dance The Night (From Barbie The Album),Dance The Night (From Barbie The Album),176579,95,1vYXt7VSjH9JIM5oRRo7vA
George Ezra,Green Green Grass - Sped-Up,Green Green Grass (Sped-Up),128776,71,1gGeEcwqBNxVqjzjAWvS4N
Rxm リム,7NATIONARMY,7NATIONARMY,93000,46,6E6DZQVKBwMdFw1lvK3uzD
keshi,LIMBO,GABRIEL,212784,87,2bdVgAQgosGUJoViVDNeOV
Sandra Iris,Dreaming Of The Sun - Sped up / Nightcore Version,Dreaming Of The Sun,212668,36,2P54Ud5YJnolYXS5tKnj7k
Calvin Harris,Miracle (with Ellie Goulding),Miracle (with Ellie Goulding),186496,92,5eTaQYBE1yrActixMAeLcZ
Johnning,Guns N' Roses,Guns N' Roses,216279,51,6MtXDDHNC16r4RpdYhufO8
Thundercat,Them Changes - Sped Up,Them Changes (Sped Up),135115,69,6pod2VRHVTven17Da0uZHi
The Weeknd,Die For You,Starboy,260252,88,2Ch7LmS7r2Gy2kc64wv3Bz
Rxm リム,Sexy Bitch,Sexy Bitch,163846,38,5kfVsDVmbCH8jwAfDqJfxa
Meric,tell me who hurt you,tell me who hurt you,184778,46,2K8K4pPrufVNrVu2MV8u7I
beabadoobee,Glue Song,Glue Song,135066,81,3iBgrkexCzVuPy4O9vx7Mf
Besomorph,When You Go,When You Go,159439,50,2YFjyn8u9XPT0x8owRH9q4
Ayra Starr,Rush,Rush,185093,83,1rrqJ9QkOBYJlsZgqqwxgB
Rxm リム,Satisfaction,Satisfaction,142941,45,5gzBRj2J6zdT7RcgFf0KEo
ThxSoMch,SPIT IN MY FACE!,SPIT IN MY FACE!,147874,11,2jkyPVk1nbpsZD0KAS98Zw
Mariah Carey,It's A Wrap - Sped Up,It's A Wrap,164666,72,4Py8h4C5kdNmH74gDzZoeI
Meric,Save Me Pls - Sped up / Nightcore Version,Save Me Pls (Sped up / Nightcore Version),163774,39,0saJgfeThQEI3qELhjYhhv
Cults,Gilded Lily - Sped Up,Offering,192727,74,0M6urYKXizSJgtuipqmctu
Yusuf Alev,Unholy,Unholy,136750,50,7frsqkhXrbThqsAkTVJDqY
LonelyEve,The Hills X Creepin X The Color Violet,The Hills X Creepin X The Color Violet,197665,11,4Zyqy26D6DQ5Mn5gqoUd3W
Rxm リム,Alors On Danse,Alors On Danse,113684,42,4QYp7tuuXDnruR8U1mrpCC
Freddie Dredd,Limbo,Freddie's Inferno,169946,83,37F7E7BKEw2E4O2L7u0IEp
3ANGEL,RED EYES N BLUE SKIES,RED EYES N BLUE SKIES,153380,39,58d2fDizWMpMVnim2IDZME
Isabel LaRosa,i'm yours,i'm yours,145667,82,37vVp2sWHuuIBOSl1NswP6
Rxm リム,Unholy,Unholy,136119,47,3Zhpahof6fIIJQeYL1GMaR
Omar Apollo,Evergreen (You Didn’t Deserve Me At All),Ivory,216680,81,2TktkzfozZifbQhXjT6I33
Meric,Love Feels Like a Prison to Me,Love Feels Like a Prison to Me,176806,41,7h0hJMVFFSx7C2rOxa8Wxw
Dean Lewis,How Do I Say Goodbye - Sped Up,How Do I Say Goodbye,134999,51,0b49gQS3t3DNqX4TWBZyhX
Oxlade,KU LO SA - A COLORS SHOW,KU LO SA - A COLORS SHOW,147580,82,2WigMwGJysIh9fRnSJvpjn
Sandra Iris,I Fall In Love Too Easily - Sped up / Nightcore Version,"falling in love, songs",122369,45,4RY63w21hrE2bvKxIjIUjR
The Weeknd,Die For You - Sped Up,Die For You,223441,70,4LR9G3Vr27KaqrNm9aymBq
Rxm リム,ENNEMIxRIVAL,ENNEMIxRIVAL,111312,43,4kyzXSWRxdl9IfPPI2Ab6f
Lil Yachty,Poland,Poland,83200,74,74loibzxXRL875X20kenvk
SZA,Kill Bill - Sped Up Version,Kill Bill,137528,79,2ty6DmPnxVPpEFuB23XM0x
Diphda,changes,changes,127384,49,0jLQ1SiuIfS1RQZgG70bel
d4vd,Romantic Homicide,Romantic Homicide,132630,1,4jonEzO6nIIBt5xPGsyOA0
Destroy Lonely,NOSTYLIST,NO STYLIST,180000,74,42tD9J0KCPFSc1d2hFTvAf
Jaeger,Only You,Only You,183589,47,5bOYVyXylwoNLEcltPAqxD
Nessa Barrett,die first,die first,177108,70,21szgNA72iLwvBxHQLgwBh
Rxm リム,Day 'N' Nite,Day 'N' Nite,139130,46,0qiXgpdPRE8osbyrXGJsBx
Eliza Rose,B.O.T.A. (Baddest Of Them All) - Edit,B.O.T.A. (Baddest Of Them All),226626,82,39JofJHEtg8I4fSyo7Imft
Meric,Feel the Healing,Feel the Healing,135996,41,38Lln6qpL3prfXTi0rIZqs
Luclover,L$d,Deaf 2 Society,103440,62,6f7jHMkHBJ9HVat7wjfkOr
JVKE,golden hour,golden hour,209259,21,6GD1eomgaGT1Epto6Q5eAo
INTRN,The Girl,The Girl,138750,43,7Dw770W1ZtqQkYDZO5jcnY
Nej,Paro - Speed Up,Paro (Speed Up),153800,68,5NyBRRP1S6g9wTt4nR2448
Billie Eilish,TV,Guitar Songs,281380,87,3GYlZ7tbxLOxe6ewMNVTkw
Valentin,Someone You Loved,"falling out of love, songs",181090,41,47hJYBDckFqxQlpmqSj8Wk
Gloria Kim,omg,omg,142372,49,0Ni3UTucdl8y2j3EG4w5PB
BLACKPINK,Pink Venom,Pink Venom,186964,75,0skYUMpS0AcbpjcGsAbRGj
Besomorph,Does She Know,Does She Know,139063,0,242pTkgoQTlXM8LnhMZ0XU
mazie,dumb dumb,the rainbow cassette,125256,72,4qbEaaJ29p32GI8EWQmm6R
Liana Flores,rises the moon,recently,161929,85,51Grh1RyUDcMBbpuyUIUHI
Besomorph,FAKE,FAKE,136000,54,4xZ3gU3bsLUDXkv7xS0phG
ROSALÍA,DESPECHÁ,DESPECHÁ,157017,84,5ildQOEKmJuWGl2vRkFdYc
Ghost,Mary On A Cross,Seven Inches Of Satanic Panic,244804,84,2HZLXBOnaSRhXStMLrq9fD
Central Cee,Doja,Doja,97392,88,3LtpKP5abr2qqjunvjlX5i
Adriel Rivera,let me love you,"falling in love, songs",184000,46,5KQ6Ao3KkBmX0mKklIGP2r
Seafret,Atlantis,Tell Me It's Real (Expanded Edition),229173,88,1Fid2jjqsHViMX6xNH70hE
Meric,Love Me Faster,Love Me Faster,135652,44,1XinNsmHb0c1cvfsARHqyz
Charlie Puth,Light Switch,Light Switch,185680,13,1BSMpVGWs3v5BZKnAQziAc
Drama B,Ready Or Not,Ready Or Not,142285,45,2NOWXfMgQIFwrC5AFJmD2z
Yung Bleu,Ice On My Baby (feat. Kevin Gates) - Remix,Ice On My Baby (feat. Kevin Gates) [Remix],199520,67,6muW8cSjJ3rusKJ0vH5olw
Meric,what about your boyfriend?,what about your boyfriend?,160285,48,4OqVZThHFzi88ir8F5agSs
Montell Fish,Hotel,Hotel,197333,76,0JzG1wJuB4v9UPkSE7LMXi
Sia,Unstoppable,This Is Acting,217746,83,2J2Z1SkXYghSajLibnQHOa
Besomorph,Toxic,Toxic,204042,47,0SXmDmLbhs58mBqTrD3cc3
Ruth B.,Dandelions - slowed + reverb,Dandelions (slowed + reverb),268717,77,6fhG2KJgwO7CrNflRaRmvp
Besomorph,In My Dreams,In My Dreams,171692,50,2zmzEwlmb5wtGvTuS2Sjrg
Echosmith,Cool Kids,Talking Dreams (Deluxe Edition),237626,76,13P5rwmk2EsoFRIz9UCeh9
RIELL,Burn Our Bridges Down,Burn Our Bridges Down,213993,48,1I4wRSEnqLRMTsqKR4bbxh
Troye Sivan,Angel Baby,Angel Baby,220779,80,2m6Ko3CY1qXNNja8AlugNc
ACRAZE,Do It To It,Do It To It,157890,84,20on25jryn53hWghthWWW3
Em Beihold,Numb Little Bug,Numb Little Bug,169237,77,3o9kpgkIcffx0iSwxhuNI2
BRAN,Too Late,Too Late,127741,36,2HTFsJX14lj7BaKkBzqpTF
The King Khan & BBQ Show,Love You So,The King Khan & BBQ Show,225240,0,4msYRkezQgynuZNubvVbHk
Cat Burns,go - Higher & Faster,go (Higher & Faster),171439,0,3KQfm7tt72I1Bv0umREOvi
Rxm リム,Destination Calabria,Destination Calabria,157440,40,4E0S1H4CBKG6m8lmSAUL3c
Edison Lighthouse,Love Grows (Where My Rosemary Goes),Love Grows (Where My Rosemary Goes) & Other Gems,174760,78,5Ts1DYOuouQLgzTaisxWYh
Paloma Faith,Only Love Can Hurt Like This - Slowed Down Version,Only Love Can Hurt Like This (Slowed Down Version),257743,73,48CKzGWOC65n8a8kdANJV8
Childish Gambino,Me and Your Mama,"""Awaken, My Love!""",379226,8,31tf1qEai5o5f4r66Kd0pU
Besomorph,Lost Myself To You,Lost Myself To You,148500,48,2hZXL9FpkPhwvTGxwcl115
Jaymes Young,Infinity,Feel Something,237720,85,1SOClUWhOi8vHZYMz3GluK
RIELL,End It,End It,196009,0,3QUJwa3YeaSeJXUJ2unfZk
The Walters,I Love You So,Songs for Dads,160253,0,1175r6ZmkUjX8dRJLz9Ohk
The Rare Occasions,Notion,Futureproof,195120,0,4cHKd6qPMR1TMx55KHlida
Besomorph,When Angels Lie,When Angels Lie,150500,45,0RmUjfvAxzX7fuCONnFcSo
Arctic Monkeys,505,Favourite Worst Nightmare,253586,89,0BxE4FqsDD1Ot4YuBXwAPp
Arya,30 Days,30 Days,179591,42,44mKJH9xNJoe31NXSYvQu5
Post Malone,I Like You (A Happier Song) (with Doja Cat),Twelve Carat Toothache,192840,88,0O6u0VJ46W86TxN9wgyqDj
Meric Again,Skyfall,Skyfall,150595,48,06CVfzsgBH1vcNBjOwHVLY
The Weeknd,Call Out My Name,"My Dear Melancholy,",228373,89,09mEdoA6zrmBPgTEN5qXmN
Tai Verdes,A-O-K,TV,173640,1,51PSUD2YHjPyAy3jnkaoy7
BRAN,The Motto,The Motto,174500,52,5r6axyEqpdxog8T8u6gm5D
Olivia Rodrigo,good 4 u,good 4 u,178147,25,6PERP62TejQjgHu81OHxgM
The Tech Thieves,Beggin',Beggin',127619,55,2O84FjR4RW4JDBu8FUZwvX
Stacey Ryan,Fall In Love Alone,Fall In Love Alone,205427,84,5xwBIieMMFUmLDgvG4DjFe
Jain,Makeba,Zanaka (Deluxe),248986,85,4TNFLwe6DhtR3Wn1JKMqMJ
Santana,Maria Maria (feat. The Product G&B),Supernatural (Remastered),261973,85,3XKIUb7HzIF1Vu9usunMzc
Kaliii,Area Codes,Area Codes,139325,90,7sliFe6W30tPBPh6dvZsIH
d4vd,Here With Me,Petals to Thorns,242484,93,5LrN7yUQAzvthd4QujgPFr
New West,Those Eyes,Those Eyes,220750,91,50x1Ic8CaXkYNvjmxe3WXy
Lana Del Rey,Radio,Born To Die - The Paradise Edition,214573,75,4PMdq7Q7xOFrY424ZelZEb
Stephen Sanchez,Until I Found You (with Em Beihold) - Em Beihold Version,Until I Found You (Em Beihold Version),176440,93,1Y3LN4zO1Edc2EluIoSPJN
RAYE,Escapism.,My 21st Century Blues,272373,90,5mHdCZtVyb4DcJw8799hZp
Chris Brown,Under The Influence,Indigo (Extended),184613,91,5IgjP7X4th6nMNDh4akUHb
Eminem,Mockingbird,Encore (Deluxe Version),250760,92,561jH07mF1jHuk7KlaeF0s
Nicky Youre,Sunroof,Good Times Go,163025,80,5YqEzk3C5c3UZ1D5fJUlXA
TV Girl,Lovers Rock,French Exit,213920,89,6dBUzqjtbnIa1TwYbyw5CM
Toosii,Favorite Song,Favorite Song,208630,84,1SRw5p2lVAi7RGlHEmZg66
dkj,Aces,Aces,122250,75,4pV6Kx1T9L49PBFwH1g8ca
Rosa Linn,SNAP,SNAP,179551,91,76OGwb5RA9h4FxQPT33ekc
Sia,Unstoppable,This Is Acting (Deluxe Version),217746,84,1yvMUkIOTeUNtNWlWRgANS
Doja Cat,Vegas (From the Original Motion Picture Soundtrack ELVIS),Vegas (From the Original Motion Picture Soundtrack ELVIS),182906,83,0hquQWY3xvYqN4qtiquniF
